Workbook

Sheet 结论页
A1: 双源对账模板 · 平台流水 ↔ 银行入账（2026 年 6 月）
A2: 项目 / 单号 | B2: 平台流水 | C2: 银行入账 | D2: 差额 | E2: 怎么读这一行
A3: 期间合计 | B3: =SUM('逐笔明细'!D2:D25) -> 484741.5 | C3: =SUM('逐笔明细'!E2:E25) -> 471679.9 | D3: =B3-C3 -> 13061.6 | E3: 两边各自的合计与净差额,先看这一行
A4: 不平笔数 | B4: =COUNTIF('逐笔明细'!F2:F25,"<>0") -> 3 | E4: 明细页差额列非零的笔数,等于下面清单的行数
A5: 差额占平台流水 | B5: =IFERROR(ABS(D3)/B3,0) -> 0.026945496 | E5: 分母为零时返回 0,不让整张表变 #DIV/0!
A6: 勾稽自校验 | B6: =IF(ROUND(D3,2)=ROUND(SUM('逐笔明细'!F2:F25),2),"平","不平") -> 平 | E6: 两条独立算路要相等:合计相减 vs 逐笔差额求和。改任一笔金额,这一格会当场翻成「不平」
A7: 以下只列对不平的笔（平的笔一条都不列）
A8: PF-260608-01 | B8: =SUMIF('逐笔明细'!$B$2:$B$25,$A8,'逐笔明细'!D$2:D$25) -> 26730 | C8: =SUMIF('逐笔明细'!$B$2:$B$25,$A8,'逐笔明细'!E$2:E$25) -> 26645.4 | D8: =B8-C8 -> 84.6 | E8: 通道手续费按笔扣,平台记毛额、银行记净额
A9: PF-260622-01 | B9: =SUMIF('逐笔明细'!$B$2:$B$25,$A9,'逐笔明细'!D$2:D$25) -> 12980 | C9: =SUMIF('逐笔明细'!$B$2:$B$25,$A9,'逐笔明细'!E$2:E$25) -> 0 | D9: =B9-C9 -> 12980 | E9: 月末最后一个工作日 17:00 后入账,银行落在次月 1 日
A10: PF-260630-03 | B10: =SUMIF('逐笔明细'!$B$2:$B$25,$A10,'逐笔明细'!D$2:D$25) -> 23150 | C10: =SUMIF('逐笔明细'!$B$2:$B$25,$A10,'逐笔明细'!E$2:E$25) -> 23153 | D10: =B10-C10 -> -3 | E10: 收单方按四舍五入到分归集,平台按笔记两位小数

Sheet 逐笔明细
A1: 业务日期 | B1: 单号 | C1: 摘要 | D1: 平台流水金额 | E1: 银行入账金额 | F1: 差额 | G1: 差异归因（不平才写）
A2: 2026-06-01 | B2: PF-260601-01 | C2: 门店扫码收款 | D2: 18640 | E2: 18640 | F2: =D2-E2 -> 0
A3: 2026-06-02 | B3: PF-260602-01 | C3: 门店扫码收款 | D3: 22180.5 | E3: 22180.5 | F3: =D3-E3 -> 0
A4: 2026-06-03 | B4: PF-260603-01 | C4: 小程序订单 | D4: 9860 | E4: 9860 | F4: =D4-E4 -> 0
A5: 2026-06-04 | B5: PF-260604-01 | C5: 门店扫码收款 | D5: 15320 | E5: 15320 | F5: =D5-E5 -> 0
A6: 2026-06-05 | B6: PF-260605-01 | C6: 小程序订单 | D6: 7415.6 | E6: 7415.6 | F6: =D6-E6 -> 0
A7: 2026-06-08 | B7: PF-260608-01 | C7: 门店扫码收款 | D7: 26730 | E7: 26645.4 | F7: =D7-E7 -> 84.6 | G7: 通道手续费按笔扣,平台记毛额、银行记净额
A8: 2026-06-09 | B8: PF-260609-01 | C8: 企业转账 | D8: 48000 | E8: 48000 | F8: =D8-E8 -> 0
A9: 2026-06-10 | B9: PF-260610-01 | C9: 门店扫码收款 | D9: 13980 | E9: 13980 | F9: =D9-E9 -> 0
A10: 2026-06-11 | B10: PF-260611-01 | C10: 小程序订单 | D10: 11240 | E10: 11240 | F10: =D10-E10 -> 0
A11: 2026-06-12 | B11: PF-260612-01 | C11: 门店扫码收款 | D11: 19875 | E11: 19875 | F11: =D11-E11 -> 0
A12: 2026-06-15 | B12: PF-260615-01 | C12: 企业转账 | D12: 32600 | E12: 32600 | F12: =D12-E12 -> 0
A13: 2026-06-16 | B13: PF-260616-01 | C13: 小程序订单 | D13: 8730.4 | E13: 8730.4 | F13: =D13-E13 -> 0
A14: 2026-06-17 | B14: PF-260617-01 | C14: 门店扫码收款 | D14: 21460 | E14: 21460 | F14: =D14-E14 -> 0
A15: 2026-06-18 | B15: PF-260618-01 | C15: 退款冲正 | D15: -4250 | E15: -4250 | F15: =D15-E15 -> 0
A16: 2026-06-19 | B16: PF-260619-01 | C16: 门店扫码收款 | D16: 17330 | E16: 17330 | F16: =D16-E16 -> 0
A17: 2026-06-22 | B17: PF-260622-01 | C17: 小程序订单 | D17: 12980 | E17: 0 | F17: =D17-E17 -> 12980 | G17: 月末最后一个工作日 17:00 后入账,银行落在次月 1 日
A18: 2026-06-23 | B18: PF-260623-01 | C18: 门店扫码收款 | D18: 24110 | E18: 24110 | F18: =D18-E18 -> 0
A19: 2026-06-24 | B19: PF-260624-01 | C19: 企业转账 | D19: 56400 | E19: 56400 | F19: =D19-E19 -> 0
A20: 2026-06-25 | B20: PF-260625-01 | C20: 门店扫码收款 | D20: 16720 | E20: 16720 | F20: =D20-E20 -> 0
A21: 2026-06-26 | B21: PF-260626-01 | C21: 小程序订单 | D21: 10450 | E21: 10450 | F21: =D21-E21 -> 0
A22: 2026-06-29 | B22: PF-260629-01 | C22: 门店扫码收款 | D22: 20980 | E22: 20980 | F22: =D22-E22 -> 0
A23: 2026-06-30 | B23: PF-260630-01 | C23: 企业转账 | D23: 41200 | E23: 41200 | F23: =D23-E23 -> 0
A24: 2026-06-30 | B24: PF-260630-02 | C24: 小程序订单 | D24: 9640 | E24: 9640 | F24: =D24-E24 -> 0
A25: 2026-06-30 | B25: PF-260630-03 | C25: 门店扫码收款 | D25: 23150 | E25: 23153 | F25: =D25-E25 -> -3 | G25: 收单方按四舍五入到分归集,平台按笔记两位小数
B26: 合计 | D26: =SUM(D2:D25) -> 484741.5 | E26: =SUM(E2:E25) -> 471679.9 | F26: =SUM(F2:F25) -> 13061.6

Sheet 口径说明
A1: 口径项 | B1: 本表的约定
A2: 取数时点 | B2: 平台流水取业务发生时间,银行入账取银行记账日。跨自然月的最后一个工作日 17:00 之后发生的,两边天然差一天。
A3: 手续费 | B3: 平台记毛额、银行记净额。手续费差额留在差额列,不在明细里拆成两行。
A4: 退款与冲正 | B4: 按负数记在发生当日,不倒冲原单,否则单号对不上。
A5: 四舍五入 | B5: 两边都保留到分。收单方按归集口径四舍五入的那几笔,差额通常在一元以内。
A6: 不纳入的交易 | B6: 内部账户之间的划转、押金与保证金的收付、未结算的预授权,三类都不进这张表。
A7: 差额为零的处理 | B7: 结论页不列已经对平的笔;要看全部笔数,去明细页。
A8: 换成自己的数据 | B8: 把明细页的 24 行换掉即可:结论页的合计、不平笔数、差额占比、勾稽自校验全部是公式,会自己跟着变。
A9: 自校验怎么用 | B9: 结论页「勾稽自校验」显示「不平」时,说明合计与逐笔两条算路对不上,先查明细页有没有被手填覆盖过的差额格。
A10: 差额列不许手填 | B10: 差额是两边相减的公式格。一旦被手填成数值,这张表就退化成一张死表:改了金额它不再跟着变,而勾稽自校验也就失去意义。
A11: 不平清单怎么长出来 | B11: 结论页下半截按单号用 SUMIF 从明细页取数,不是手抄。新增一笔不平的,把它的单号填进第一列,右边三列会自己取到。
A12: 筛选怎么用 | B12: 明细页首行冻结、整表开筛选。对账时的唯一动作是在差额列筛「非零」,筛出来几行,就核几行,核完清筛选。
... A16: 月结怎么归档 | B16: 每月一份,文件名带期间。上月留下的跨月未达笔,在次月的口径页里单独记一行,不要回改上月已归档的那一份。
